text,embedding
"La pestaña de recorridos en la plataforma de seguimiento permite visualizar el historial de movimiento de una unidad seleccionada. Se puede personalizar la visualización eligiendo la coloración por viajes, simple o por velocidad, así como el grosor de la línea y si se desea mostrar la numeración de eventos y la agrupación de eventos cercanos.

También es posible activar opciones para mostrar eventos específicos en el recorrido, como excesos de velocidad, llenados y descargas de combustible, notificaciones, imágenes, videos, estacionamientos, paradas, posiciones iniciales y finales, y anotaciones con marcas de tiempo.

Para definir el intervalo de tiempo del recorrido, se puede elegir entre opciones predefinidas (hoy, ayer, una semana, un mes) o especificar un intervalo personalizado. Al mostrar el recorrido, se puede expandir la lista de viajes individuales, activar o desactivar la visualización de cada recorrido en el mapa, y ver detalles como el kilometraje total.

El reproductor de recorridos permite visualizar el movimiento de la unidad paso a paso, mostrando la dirección, marca de tiempo, valores de parámetros y sensores en cada tramo. También se puede guardar un recorrido como una geocerca si es una ruta común para el vehículo.","[-0.012566705234348774, -0.012425732798874378, 0.005343534983694553, -0.0064008296467363834, -0.011781285516917706, 0.01354680024087429, 0.0043130917474627495, -0.03214176371693611, -0.0038431829307228327, -0.02162923291325569, 0.0011923937126994133, 0.020931081846356392, -0.025683874264359474, -0.0023411528673022985, -0.00047410445404239, -0.005578489042818546, 0.0006163357757031918, -0.020514877513051033, 0.026046376675367355, -0.00028886806103400886, -0.006743191741406918, 0.009304194711148739, -0.006619001738727093, -0.011056283488869667, -0.011257673613727093, 0.010317855514585972, 0.012721103616058826, -0.012378741055727005, 0.023737110197544098, -0.014916249550879002, 0.028758421540260315, 0.011915545910596848, -0.012022953480482101, -0.004272813908755779, -0.026207488030195236, -0.012284759432077408, 0.0021951457019895315, -0.00816970132291317, 0.022797292098402977, 0.0005727013922296464, 0.006981502752751112, 0.027402399107813835, -0.008673174306750298, -0.007572245318442583, 0.00790118146687746, 0.01811162941157818, 0.0018175402656197548, -0.0005462690023705363, -0.0218440480530262, 0.02200515940785408, -0.02102506347000599, 0.02479776181280613, -0.016809310764074326, -0.0027556796558201313, 0.013989857397973537, -0.013399114832282066, -0.0037861226592212915, 0.014218099415302277, -0.0045983935706317425, -0.04384920746088028, -0.014728285372257233, 0.007015067618340254, -0.025804707780480385, -0.001469304203055799, -0.0097741037607193, -0.02048802562057972, 3.458759965724312e-05, -0.003849895903840661, 0.014124116860330105, 0.0034806819166988134, 0.027160730212926865, -0.002696941141039133, 0.0004235472879372537, 0.0003402643487788737, 0.016567643731832504, -0.021575529128313065, 0.005561706610023975, -0.008787295781075954, 0.03788807988166809, 0.018568111583590508, 0.008243544027209282, -0.03920382261276245, -0.024864891543984413, 0.04704458639025688, 0.01580236293375492, 0.027657492086291313, 0.012439158745110035, 0.01863524131476879, -0.026220913976430893, -0.0132178645581007, -0.014943101443350315, 0.008572479709982872, 0.019655615091323853, 0.013412540778517723, 0.010042623616755009, 0.01548014022409916, -0.012573418207466602, 0.002505621174350381, -0.00766622694209218, -0.011593322269618511, -0.00440371735021472, 0.00561541086062789, -0.03265194967389107, -0.006078606471419334, -0.0311213918030262, -0.0006461246521212161, 0.003772696712985635, 0.004198971204459667, 0.010129892267286777, -0.010176883079111576, -0.024784334003925323, 0.028033418580889702, 0.008364377543330193, 0.003319570329040289, -0.013459531590342522, 0.0017873318865895271, 0.009022249840199947, -0.0008139492711052299, -0.03283991664648056, -0.03474640101194382, 0.031013984233140945, 0.023616276681423187, 0.0005647297366522253, -0.025764429941773415, 0.013922727666795254, -0.0018863483564928174, 0.018460704013705254, -0.00584029546007514, -0.0008517098031006753, 0.0031081114429980516, -0.022394513711333275, -0.008686600252985954, -0.003287683706730604, 0.009847946465015411, -0.008559053763747215, 0.0006859829882159829, -0.023307478055357933, 0.027026470750570297, -0.041405681520700455, -0.02918805181980133, -0.0007384282071143389, 0.0017739058239385486, -0.032947324216365814, -0.005645619239658117, 0.016675051301717758, 0.03377973288297653, -0.016675051301717758, 0.014607451856136322, 0.024072758853435516, 0.003658575937151909, 0.02360285073518753, -0.01815190725028515, -0.0022270323242992163, -0.0005055715446360409, -0.014688007533550262, -0.009787529706954956, 0.027738047763705254, -0.011358368210494518, -0.0315241701900959, 0.0031819541472941637, 0.010378272272646427, 0.02118617668747902, 0.014526896178722382, 0.008599331602454185, 0.016822736710309982, 0.04422513395547867, -0.0015708381542935967, -0.03316213935613632, -0.0037290623877197504, 0.0007988450233824551, -0.0038801045157015324, 0.020662562921643257, -0.02027321048080921, -0.0003956464643124491, -0.002223675837740302, 0.016769032925367355, -0.002524081850424409, 0.011412071995437145, -0.02537507750093937, 0.0028580527286976576, -0.000801781949121505, -0.01373476441949606, 0.01819218508899212, 0.029241755604743958, -0.029295459389686584, -0.025724152103066444, 0.021951455622911453, 0.005450942553579807, 0.005531498230993748, 0.0022908055689185858, -0.010901885107159615, -0.007981737144291401, 0.012210916727781296, 0.004252674989402294, -0.6345648765563965, 0.005336822010576725, 0.001708454336039722, -0.018702371045947075, 0.02081024833023548, 0.029161199927330017, 0.012392167001962662, 0.015238472260534763, -0.02081024833023548, -0.05692610144615173, -0.002748966682702303, 0.0014172786613926291, -0.0020021472591906786, -0.0002263534115627408, -0.02426072210073471, -0.030396388843655586, -0.008814147673547268, -0.007693078834563494, 0.011257673613727093, 0.04060012474656105, -0.006790182553231716, -0.013419253751635551, -0.005521428771317005, 0.04744736850261688, 0.021897751837968826, 0.0063102045096457005, 0.013459531590342522, -0.01160003524273634, -0.028704717755317688, 0.015117638744413853, -0.030933428555727005, -0.014889397658407688, 0.005091798026114702, 0.007156040519475937, 0.050642747431993484, -0.035525109618902206, -0.0023176574613898993, 0.036599185317754745, 0.0018108272925019264, 0.055314984172582626, 0.0045077684335410595, -0.008606044575572014, 0.022139418870210648, -0.013392401859164238, 0.029000088572502136, -0.004057998303323984, 0.02910749614238739, -0.014312081038951874, 0.005481150932610035, -0.010069475509226322, 0.021978307515382767, -0.005001172889024019, -0.012559992261230946, 0.018823206424713135, 0.012304898351430893, -0.004256031475961208, 0.03270565718412399, -0.009270629845559597, -0.010351420380175114, 0.0003117341548204422, -0.021494973450899124, -0.007478263694792986, 0.0023042315151542425, -0.017561165615916252, -0.0258315596729517, 0.03998253121972084, -0.012398880906403065, -0.006575367413461208, 0.021494973450899124, -0.01588291861116886, 0.003220553742721677, 0.0017353062285110354, 0.015735233202576637, 0.004074780736118555, 0.026945915073156357, 0.017722276970744133, 0.02216627076268196, -0.0035612378269433975, -0.011076422408223152, -0.014218099415302277, 0.023307478055357933, -0.011606748215854168, -0.038693636655807495, -0.008861138485372066, 0.020259784534573555, 0.0015909770736470819, -0.0353102944791317, -0.01358707807958126, 0.024113036692142487, 0.03716307505965233, -0.0072768740355968475, 0.012593557126820087, -0.016446810215711594, -0.008720165118575096, -0.03149731829762459, -0.003437047591432929, 0.013493096455931664, 0.02681165561079979, -0.0003297752991784364, -0.012472723610699177, -0.01843385212123394, 0.0005752187571488321, 0.027603788301348686, 0.012653973884880543, 0.02988620288670063, 0.02631489560008049, -0.010210447944700718, -0.011506053619086742, 0.006370621267706156, -0.04363439232110977, -0.01753431186079979, 0.009968779981136322, -0.008565766736865044, -0.022689884528517723, -0.011499340645968914, -0.026180636137723923, 0.0011269421083852649, 0.0016849588137120008, 0.01164031308144331, -0.0008261165348812938, 0.002238780027255416, -0.022797292098402977, 0.019481077790260315, -0.00981438159942627, 0.006457889918237925, 0.00020673891413025558, 0.025281095877289772, 0.0063840472139418125, 0.010029197670519352, -0.013117169961333275, 0.0031920236069709063, -0.01572180725634098, 0.015305601991713047, 0.0037324188742786646, 0.02503942884504795, 0.003457186510786414, 0.015413009561598301, -0.001500351820141077, -0.008270395919680595, -0.024354703724384308, -0.022569051012396812, -0.007015067618340254, -0.00900882389396429, -0.023575996980071068, -0.002616385230794549, -0.04317791014909744, 0.01389587577432394, -0.0014651085948571563, -0.010291003622114658, -0.0025307948235422373, 0.013036614283919334, -0.0594501830637455, -0.025522762909531593, 0.023092662915587425, 0.007256735116243362, 0.021159322932362556, -0.02918805181980133, -0.01733292266726494, -0.01572180725634098, -0.02779175154864788, 0.004970964044332504, -0.013029901310801506, -0.01377504225820303, 0.004225823096930981, -0.00332460505887866, -0.017883388325572014, -0.01286878902465105, 0.020206080749630928, 0.005222701001912355, -0.007921320386230946, 0.006914373021572828, 0.009612992405891418, -0.022193122655153275, 0.015265324153006077, 0.0016480374615639448, 0.00664921011775732, -0.0001552377361804247, -0.0315241701900959, -0.0021951457019895315, 0.010646792128682137, 0.005313326604664326, 0.029322311282157898, -0.020125525072216988, -0.016366254538297653, 0.0059174951165914536, 0.0019266261951997876, -0.01036484632641077, 0.024851465597748756, -0.024744056165218353, 0.03447788208723068, 0.014755137264728546, -0.0026465938426554203, -0.0007782865432091057, 0.010693782940506935, 0.002448560670018196, 0.005709392484277487, -0.02019265480339527, -0.0039002434350550175, 0.013828746043145657, 0.010814616456627846, 0.016111159697175026, -0.002900008810684085, 0.006404186133295298, -0.003658575937151909, 0.023307478055357933, -0.02443525940179825, 0.01601717807352543, -0.02737554721534252, 0.046534400433301926, 0.016151437535881996, 0.01773570291697979, -0.022877847775816917, -0.029241755604743958, 0.0017025804845616221, -0.0032373361755162477, 0.016487088054418564, 0.012264620512723923, 0.0024149958044290543, -0.005753026809543371, -0.01262712199240923, 0.0038196875248104334, 0.014929675497114658, 0.029322311282157898, -0.02430099993944168, -0.01801764778792858, 0.02032691426575184, 0.0006570332334376872, 0.03925752639770508, 0.01548014022409916, -0.0065418025478720665, -0.007283587008714676, 0.014392636716365814, -0.01887691020965576, 0.02595239318907261, 0.02168293669819832, 0.026986192911863327, 0.014808841049671173, 0.006410899106413126, 0.035202886909246445, -0.0010984119726344943, 0.01958848536014557, 0.022058863192796707, 0.01592319644987583, -0.017400052398443222, 0.015063934959471226, 0.01637968048453331, 0.014553748071193695, 0.0029923124238848686, -0.014688007533550262, 0.013070179149508476, -0.0032004148233681917, -0.0017160064307972789, -0.03735103830695152, -0.012660686857998371, -0.018850058317184448, -0.017990795895457268, 0.00888799037784338, -0.017601443454623222, 0.0080287279561162, 0.022891273722052574, 0.013634069822728634, -0.0018997743027284741, 0.011163691058754921, -0.005803374107927084, -0.01872922293841839, -0.02878527343273163, 0.004178832285106182, -0.006112171337008476, 0.0012074979022145271, 0.008022014982998371, 0.03394084423780441, -0.01164031308144331, 0.007115762680768967, 0.011418784968554974, -0.0021666153334081173, -0.007162753492593765, 0.0037827661726623774, -0.007109049707651138, 0.008035440929234028, 0.025106558576226234, 0.004591680597513914, -0.019145429134368896, 0.03187324479222298, 0.013761616311967373, 0.0034051609691232443, -0.029134348034858704, -0.02381766587495804, 0.0038868174888193607, -0.010734060779213905, -0.002767427358776331, -0.0016002074116840959, 0.0025526119861751795, -0.010082901455461979, -0.007041919510811567, -0.0071493275463581085, 0.01576208509504795, 0.028812125325202942, 0.00896854605525732, -0.01262712199240923, 0.0030241990461945534, -0.029241755604743958, 0.0049743205308914185, 0.0012670756550505757, -0.02918805181980133, 0.021870899945497513, 0.021535251289606094, -0.018004221841692924, -0.02471720427274704, -0.014030135236680508, 0.001555733964778483, -0.013553513213992119, -0.02146812155842781, -0.00997549295425415, -0.01637968048453331, -0.007283587008714676, 0.006011476740241051, 0.02040746994316578, -0.022515347227454185, 0.03963345289230347, 0.015386157669126987, -0.025173688307404518, -0.029751943424344063, -0.010150031186640263, 0.0029704952612519264, 0.014795415103435516, 0.019615337252616882, 1.6733291658965754e-06, -0.00042585490155033767, -0.02677137777209282, -0.027764899656176567, -0.032410282641649246, -0.0007501759100705385, 0.015694955363869667, -0.007659513968974352, -0.03090657666325569, 0.011794712394475937, 0.04043901339173317, -0.0023629702627658844, -0.0007426238153129816, 0.0010480645578354597, 0.004188901744782925, -0.017641721293330193, 0.0034118739422410727, -0.0011814851313829422, 0.00237136147916317, -0.04081493988633156, 0.005286474246531725, 0.01867551915347576, 0.014003283344209194, -0.006927798967808485, 0.02591211535036564, -0.0012830189662054181, 0.008189840242266655, -0.01194911077618599, 0.006907660048455, 0.019185706973075867, 0.011982675641775131, 0.008720165118575096, -0.010875033214688301, 0.020635711029171944, 0.014500044286251068, -0.00010772240784717724, 0.0027640708722174168, 0.0211458969861269, 0.013573652133345604, 0.014956527389585972, 0.003584733232855797, -0.007068771403282881, 0.017144959419965744, 0.010613227263092995, 0.029510274529457092, 0.013627356849610806, -0.019038021564483643, -0.01773570291697979, 0.008740304037928581, 0.00258114212192595, -0.015829214826226234, -0.00735071673989296, -0.008961833082139492, 0.010512531735002995, 0.02964453585445881, -0.0132178645581007, -0.02996675856411457, 0.006575367413461208, -0.022528773173689842, -0.006830460857599974, 0.011888694018125534, -0.02032691426575184, -0.014137542806565762, -0.009800955653190613, -0.0012142108753323555, -0.012325037270784378, -0.024462111294269562, -0.0006499006994999945, -0.003490751376375556, -0.015574121847748756, -0.029671387746930122, 0.002327726921066642, 0.00968683511018753, 0.012157212942838669, 0.0028748351614922285, -0.020474599674344063, -0.015587547793984413, 0.01309703104197979, 0.013788468204438686, 0.016930144280195236, -0.019024595618247986, -0.009243777953088284, -0.005789948161691427, -0.0009507262730039656, 0.005578489042818546, -0.013761616311967373, -0.02230053022503853, 0.01593662239611149, 0.014030135236680508, -0.037539005279541016, 0.04454735666513443, 0.00038893349119462073, -0.022998681291937828, -0.00714261457324028, 0.002104520332068205, 0.02032691426575184, 0.005283117759972811, -0.01552041806280613, 0.015856066718697548, -0.039230674505233765, -0.009237064979970455, -0.012855363078415394, 0.03238343074917793, 0.007297012954950333, -0.009747251868247986, -0.00237136147916317, -0.009841233491897583, 0.013828746043145657, -0.008780582807958126, -0.01016345713287592, -0.00383311347104609, 0.012976196594536304, 0.00013404988567344844, 0.02729499153792858, -0.01059308834373951, -0.014647729694843292, -0.0037894791457802057, -0.020501451566815376, 0.007813912816345692, -0.01962876319885254, 0.025442207232117653, 0.0015775511274114251, 0.025630170479416847, 0.003227266715839505, -0.006538446061313152, -0.018648667261004448, 0.006561941467225552, 0.022179696708917618, 0.0321149118244648, 0.024945447221398354, -0.017910240218043327, 0.009317620657384396, -0.02282414399087429, -0.01983015239238739, -0.010002345778048038, 0.020380618050694466, -0.003641793504357338, -0.009109518490731716, -0.011398646049201488, 0.0010212126653641462, 0.0012494541006162763, 0.011371794156730175, 0.005185779649764299, -0.028597310185432434, -0.015144490636885166, 0.010559522546827793, -0.03270565718412399, 0.036894556134939194, 0.013103744015097618, 0.009190074168145657, -0.03549825772643089, -0.037539005279541016, -0.030638055875897408, 0.010217160917818546, -0.010499105788767338, -0.010230586864054203, 0.03243713453412056, 0.026663970202207565, 0.02471720427274704, 0.0031215373892337084, 0.0030074166133999825, -0.019883856177330017, -0.005548280663788319, 0.006122240796685219, -0.009552575647830963, -0.007236596196889877, -0.023106088861823082, 0.016084307804703712, 0.02076997049152851, 0.002542542526498437, 0.0022136063780635595, -0.03230287507176399, -0.018138481304049492, 0.005763096269220114, -0.029429718852043152, 0.009331046603620052, 8.286339289043099e-05, -0.044896434992551804, -0.006521663628518581, 0.0011017684591934085, -0.0014751781709492207, 0.003490751376375556, -0.027764899656176567, 0.012949344702064991, 0.015077360905706882, 0.00853891484439373, 0.01568152941763401, 0.02146812155842781, 0.01470143347978592, -0.01108313538134098, 0.039069563150405884, 0.008908129297196865, 0.01155975740402937, 0.009277342818677425, -0.027576936408877373, -0.06718353927135468, -0.011103274300694466, 0.009700261056423187, -0.005749670322984457, -0.0037257059011608362, -0.010519244708120823, 0.02385794371366501, -0.011828277260065079, 0.0029117565136402845, 0.012412306852638721, 0.00778034795075655, 0.014647729694843292, 0.0018343226984143257, -0.021897751837968826, -0.01601717807352543, 0.009982206858694553, 0.0008366055553779006, -0.001820896752178669, 0.0015792293706908822, -0.016285696998238564, 0.007746783085167408, -0.04532606527209282, -0.01282851118594408, -0.0048836953938007355, -0.0033799870871007442, 0.02204543724656105, -0.0029570693150162697, 0.024663500487804413, 0.02393849939107895, 0.017789406701922417, -0.013365549966692924, -0.010156744159758091, 0.012345176190137863, 0.01231832429766655, 0.002579463878646493, 0.016513939946889877, 0.005350247956812382, -0.016272271052002907, 0.02956397831439972, 0.005779878702014685, -0.0109220240265131, -0.034101955592632294, 0.021857473999261856, 0.00478300079703331, 0.006296778563410044, -0.01687644049525261, -0.008371090516448021, -0.011747720651328564, 0.018004221841692924, -0.015439862385392189, 0.004665523301810026, 0.023669980466365814, -0.0036485064774751663, -0.034424178302288055, 0.029671387746930122, -0.01662134751677513, 0.017910240218043327, -0.009747251868247986, -0.027845455333590508, -0.008444933220744133, -0.0006280835368670523, -0.009183361195027828, 0.003338031005114317, 0.018957465887069702, 0.018138481304049492, -0.006145736202597618, 0.014056987129151821, 0.022313956171274185, 0.0024418476969003677, 0.012325037270784378, -0.005642262753099203, 0.010418550111353397, 0.026422303169965744, -0.011284525506198406, -0.021776918321847916, 0.0067230528220534325, -0.009465306997299194, 0.008075718767940998, -0.011224108748137951, -0.025791281834244728, -0.02138756588101387, -0.004437282215803862, -0.02052830345928669, -0.0032121625263243914, 0.01970931887626648, -0.015856066718697548, -0.03995567932724953, 0.027979714795947075, -0.019105151295661926, -0.03343065828084946, 0.004692375659942627, -0.0009440132998861372, 0.026341747492551804, -0.007619236130267382, -0.005806730594485998, 0.004893764853477478, 0.037834376096725464, -0.002631489420309663, 0.01079447753727436, 0.008122709579765797, 0.01338568888604641, -0.03638437017798424, 0.03128250315785408, -0.019924134016036987, 0.010861607268452644, -0.023213496431708336, 0.009223639033734798, -0.008921555243432522, -0.016164863482117653, 0.031470466405153275, -0.004433925729244947, -0.040170494467020035, -0.0033313180319964886, -0.005712748970836401, 0.02348201535642147, 0.0005571776418946683, -0.0057228184305131435, -0.015413009561598301, 0.005622123833745718, -0.003280970733612776, -0.004759505391120911, -0.025589892640709877, 0.008102570660412312, -0.004272813908755779, 0.01075419969856739, 0.033188991248607635, -0.02779175154864788, 0.01855468563735485, -0.007377568632364273, -0.036357518285512924, 0.019776448607444763, -0.005977911874651909, -0.006592149846255779, -0.01572180725634098, -0.0016094377497211099, -0.01617828942835331, 0.004487629514187574, -0.021159322932362556, -0.03275936096906662, -0.026261191815137863, 0.01215049996972084, 0.01096230186522007, 0.0040949201211333275, 0.022233400493860245, 0.005753026809543371, -0.010640079155564308, 0.025589892640709877, -0.012378741055727005, -0.004188901744782925, 0.010519244708120823, -0.014983379282057285, -0.027496380731463432, -0.029832499101758003, -0.007209744304418564, 0.042184386402368546, 0.05123348906636238, -0.02401905506849289, -0.026220913976430893, 0.0035813767462968826, -0.021441269665956497, -0.00040466702193953097, 0.019481077790260315, 0.007592384237796068, 0.01597690023481846, 0.0021129115484654903, -0.016567643731832504, 0.014419488608837128, -0.004621888976544142, 0.03466584533452988, -0.00825025700032711, -0.024287573993206024, -0.008283821865916252, -0.0075990972109138966, 0.001273788628168404, -0.020004691556096077, -0.03794178366661072, 0.016030604019761086, -0.00492732971906662, -0.01901116967201233, 0.044976990669965744, 0.011774572543799877, -0.03579362854361534, -0.016527365893125534, 0.006216222885996103, 0.009941928088665009, 0.013761616311967373, 0.006259857211261988, 0.0229449775069952, -0.018527833744883537, -0.02467692643404007, -0.0013711268547922373, -0.00016247517487499863, -0.009962067008018494, -0.0007359107839874923, -0.010687069967389107, -0.010297716595232487, 0.01517134252935648, -0.009022249840199947, -0.016070881858468056, -0.024730630218982697, -0.01424495130777359, 0.015037083066999912, 0.021991733461618423, -0.014849119819700718, 0.04572884365916252, 0.019454225897789, 0.0032171972561627626, 0.00798845011740923, 0.01198938861489296, -0.004373508505523205, -0.009324333630502224, -0.0027825315482914448, -0.028597310185432434, 0.02324034832417965, -0.0011269421083852649, 0.02611350640654564, 0.004856843501329422, -0.017426904290914536, 0.024864891543984413, 0.013231290504336357, -0.04422513395547867, 0.011418784968554974, 0.011412071995437145, -0.014661155641078949, -0.0019652259070426226, -0.014634303748607635, 0.010096327401697636, 0.005158927757292986, -0.01397643145173788, 0.005011242348700762, -0.0005475276848301291, 0.012466010637581348, -0.019977839663624763, -0.0034001260064542294, 0.01088174618780613, 0.030396388843655586, 0.02302553318440914, 0.0026482720859348774, 0.01761486940085888, 0.2026783972978592, -0.02647600695490837, -0.021374139934778214, 0.03463899344205856, -0.00694793788716197, 0.044439949095249176, 0.02348201535642147, 0.015117638744413853, -0.004232536070048809, -0.009404890239238739, -0.006518307141959667, -0.005890642758458853, -0.013660921715199947, 0.0019266261951997876, 0.015023657120764256, -0.01831301860511303, -0.0195482075214386, -0.024824613705277443, -0.02056858129799366, -0.024744056165218353, 0.014473192393779755, 0.008760442957282066, 0.004135197959840298, -0.016607921570539474, 0.027845455333590508, -0.01151276659220457, 0.004400360863655806, 0.0011336550815030932, 0.03278621286153793, 0.0211458969861269, -0.01593662239611149, 0.006612288765609264, -0.008760442957282066, 0.0010337994899600744, 0.00015932846872601658, 0.006746548227965832, -0.010425263084471226, 0.009982206858694553, 0.02118617668747902, 0.031228799372911453, 0.007726644165813923, -0.0069546508602797985, -0.0037693402264267206, -0.035981591790914536, 0.01424495130777359, 2.453123488521669e-05, -0.0013224576832726598, 0.015869492664933205, 0.0033095008693635464, -0.013238003477454185, -0.011344942264258862, -0.0321149118244648, -0.020702840760350227, 0.01633940264582634, 0.0008412207243964076, -0.020877378061413765, 0.014177820645272732, -0.003588089719414711, 0.001592655316926539, 0.005014598835259676, -0.03579362854361534, 0.004437282215803862, -0.014969953335821629, -0.0024720560759305954, -0.013043327257037163, -0.003604872152209282, 0.0009356220834888518, 0.008545627817511559, -0.00452455086633563, 0.0006729766028001904, -0.007229883223772049, -0.016849588602781296, 0.004611819516867399, -0.004252674989402294, -0.0017873318865895271, -0.022998681291937828, 0.020595433190464973, 0.02154867723584175, 0.022595902904868126, 0.01127109955996275, 0.01929311454296112, -0.006128953769803047, -0.009559288620948792, -0.016164863482117653, 0.033564917743206024, -0.042721427977085114, 0.007733357138931751, -0.015037083066999912, -0.007612523157149553, -0.008384516462683678, 0.0018292879685759544, -0.009512297809123993, -0.0038398264441639185, -0.011935684829950333, -0.00874701701104641, -0.005578489042818546, 0.004024433437734842, 0.03780752420425415, -0.004947468638420105, 0.023831091821193695, -0.009579427540302277, 0.03587418422102928, 0.015386157669126987, -0.004689019173383713, -0.014312081038951874, 0.027120452374219894, 0.01003591064363718, 0.0003618717601057142, 0.004611819516867399, -0.020501451566815376, 0.011647026054561138, -0.017547739669680595, 0.01139193307608366, -0.011197256855666637, 0.00496760755777359, -0.02725471369922161, 0.009968779981136322, 0.0020994856022298336, 0.004162049852311611, 0.019266262650489807, 0.020340340211987495, -0.027268139645457268, -0.016205141320824623, -0.016742181032896042, 0.004383577965199947, -0.012298185378313065, -0.0304232407361269, 0.018823206424713135, -0.0199509859085083, -0.0027556796558201313, 0.0023243704345077276, -0.022528773173689842, 0.024354703724384308, -0.010069475509226322, -0.0055818455293774605, -0.013613930903375149, -0.01637968048453331, -0.013761616311967373, 0.0009406568133272231, 0.010384985245764256, 0.023589424788951874, 0.009230352006852627, 0.007250022143125534, 0.010418550111353397, 0.000831151264719665, -0.001535594929009676, -0.0004438960168045014, 0.013150734826922417, -0.04535291716456413, -0.004954181611537933, -0.013989857397973537, 0.012284759432077408, 0.0012435801327228546, -0.004551402758806944, 0.031309355050325394, 0.004373508505523205, -0.020877378061413765, -0.021078767254948616, 0.009787529706954956, -0.018809780478477478, -0.018071351572871208, -0.017131533473730087, 0.00428959634155035, 0.008773869834840298, -0.01999126560986042, 0.00016782458988018334, -0.17024126648902893, 0.020138951018452644, 0.014406062662601471, -0.01325814239680767, -0.004323161207139492, 0.006612288765609264, 0.02771119587123394, 0.0018091490492224693, -0.009639844298362732, 0.001879635383374989, 0.017588017508387566, -0.011881981045007706, -0.04833348095417023, 0.003051050938665867, 0.0029889559373259544, 0.007693078834563494, -0.0006326987058855593, 0.03407510370016098, 0.0486825555562973, 0.01613801158964634, 0.03560566529631615, -0.027362121269106865, 0.03321584314107895, -0.016769032925367355, -0.008485211059451103, -0.017440330237150192, -0.0060987453907728195, 0.027657492086291313, 0.0042224666103720665, -0.012506288476288319, 0.013909301720559597, -0.014459766447544098, 0.028194529935717583, 0.006833817344158888, -0.0155606959015131, 0.002980564720928669, -0.0005857077776454389, 0.0024200305342674255, -0.02270331047475338, 0.02623433992266655, 0.00660893227905035, -0.00993521511554718, 0.017024125903844833, 0.007840764708817005, 0.019064873456954956, 0.03743159398436546, -0.01588291861116886, 0.0011907154694199562, 0.00694793788716197, -0.010747486725449562, 0.007189605385065079, -0.02230053022503853, 0.013036614283919334, -0.007491689641028643, 0.002023964421823621, 0.013083605095744133, 0.015668103471398354, -0.017990795895457268, 0.027066748589277267, -0.039767712354660034, -0.03412880748510361, -0.02389822155237198, -0.009169935248792171, -0.02052830345928669, -0.008324099704623222, -0.015950048342347145, -0.017131533473730087, 0.03506862372159958, -0.0037827661726623774, -0.00520256208255887, -0.017171811312437057, -0.010103040374815464, -0.006222935859113932, 0.0013518270570784807, 0.032168615609407425, 0.0013509879354387522, -0.009827807545661926, 0.0023512225598096848, 0.0014944779686629772, 0.0190514475107193, -0.03842511773109436, 0.04594365879893303, -0.01525189820677042, -0.015453288331627846, 0.008673174306750298, 0.01393615361303091, -0.005021311808377504, 0.014956527389585972, -0.005484507419168949, 0.017749128863215446, 0.003695497289299965, -0.004853487014770508, 0.008794008754193783, -0.02495887316763401, 0.0143657848238945, 0.010337994433939457, 0.009767390787601471, -0.005014598835259676, 0.0222468264400959, -0.04580939933657646, -0.005333465524017811, -0.0004892086726613343, -0.011049570515751839, -0.014137542806565762, 0.029537126421928406, 0.0075990972109138966, 0.033564917743206024, 0.015708381310105324, 0.02840934507548809, -0.017883388325572014, -0.003507533809170127, 0.00030921678990125656, 0.009532436728477478, 0.011532905511558056, -0.015010231174528599, 0.016782458871603012, -0.014231525361537933, 0.004303022287786007, 0.015413009561598301, -0.004531263839453459, 0.04264087229967117, -0.03549825772643089, -0.005283117759972811, 0.006592149846255779, 0.0009507262730039656, -0.009988919831812382, -0.09344472736120224, -0.04003623500466347, 0.021159322932362556, 0.0031551022548228502, 0.00022614363115280867, 0.00015114701818674803, 0.0013367228675633669, 0.01190883293747902, 0.016983848065137863, 0.003625011071562767, -0.02655656263232231, -0.014607451856136322, -0.023669980466365814, 0.010183596052229404, 0.03920382261276245, -0.004494342487305403, -0.003812974551692605, -0.029322311282157898, 0.005585202015936375, 0.00874701701104641, -0.014889397658407688, -0.021051915362477303, 0.007464837748557329, 0.006894234102219343, -0.027576936408877373, 0.0014793737791478634, -0.01625884510576725, 0.009720399975776672, 0.01683616265654564, 0.005847008433192968, 0.00622964883223176, 0.0005328430561348796, 0.03386028856039047, -0.016070881858468056, -0.005323396064341068, -0.015708381310105324, -0.027496380731463432, -0.0007237435202114284, -0.004695732146501541, -0.032544542104005814, 0.029510274529457092, -0.01045211497694254, 0.0218440480530262, -0.026825081557035446, -0.000621370505541563, -0.02196488156914711, -0.001187358982861042, 0.02274358831346035, -0.010606514289975166, -0.022327382117509842, 0.0022840925958007574, -0.007854190655052662, -0.010472253896296024, -0.03340380638837814, 0.006702913902699947, 0.0007451411802321672, -0.003920382354408503, 0.014432914555072784, -0.03281306475400925, -0.02659684047102928, -0.009955354034900665, -0.004944112151861191, -0.012593557126820087, 0.020138951018452644, -0.00816970132291317, 0.014137542806565762, -0.03477325290441513, 0.017426904290914536, 0.014003283344209194, 0.022609328851103783, -0.029322311282157898, 0.02027321048080921, -0.0008307317038998008, 0.02036719210445881, -0.00874701701104641, 0.0030460162088274956, -0.012378741055727005, -0.004954181611537933, 0.021360713988542557, -0.029590830206871033, -0.009263916872441769, -0.005195849109441042, 0.00888799037784338, -0.017346348613500595, 0.012660686857998371, 0.017480608075857162, 0.008834286592900753, 0.007646088022738695, 0.008686600252985954, 0.0005693449056707323, 0.008854425512254238, 0.01295605767518282, 0.0199509859085083, -0.015319027937948704, -0.02771119587123394, 0.004685662221163511, -0.006585436873137951, 0.014271803200244904, -0.005293187685310841, 0.014849119819700718, -0.025133410468697548, -0.010666931048035622, -0.07926690578460693, 0.015426436439156532, 0.012486149556934834, 0.016607921570539474, -0.013634069822728634, 0.023669980466365814, 0.017561165615916252, -0.0018863483564928174, 0.014808841049671173, 0.0166616253554821, -0.013150734826922417, 0.00035012405714951456, 0.01517134252935648, -0.005920851603150368, -0.02162923291325569, 0.014500044286251068, 0.03187324479222298, 0.005779878702014685, 0.003776053199544549, 0.010720634832978249, -0.010546096600592136, 0.002849661512300372, 0.01313730888068676, 0.007867616601288319, -0.022448217496275902, 0.018447278067469597, -0.0075789582915604115, 0.013191012665629387, 0.006004763767123222, -0.020595433190464973, 0.026583414524793625, 0.0034538300242275, 0.004487629514187574, 0.025683874264359474, -0.021011637523770332, -0.018917188048362732, -0.011774572543799877, 0.020702840760350227, 0.023455163463950157, 0.013949579559266567, -0.0019434087444096804, -0.016164863482117653, 0.012949344702064991, -0.021494973450899124, -0.01893061399459839, 0.00647802883759141, 0.000758567126467824, -0.008794008754193783, -0.009431742131710052, 0.012385454028844833, -0.0017940448597073555, 0.0026851934380829334, 0.004000938031822443, -0.04116401448845863, 0.022649606689810753, -0.03579362854361534, -0.008391229435801506, 0.011284525506198406, 0.005075015593320131, -0.029161199927330017, 0.05450942739844322, 0.02491859532892704, 0.008700026199221611, 0.0024368129670619965, 0.009183361195027828, -0.019722744822502136, -0.03858622908592224, -0.010418550111353397, 0.01309703104197979, -0.01731949672102928, -0.025549614802002907, 0.009847946465015411, 0.018084777519106865, 0.0005928403697907925, -0.0014701433246955276, -0.0032289449591189623, 0.009619705379009247, -0.00913637038320303, 0.005474437959492207, 0.02282414399087429, 0.0390964150428772, -0.008827573619782925, -0.041486237198114395, 0.032544542104005814, 0.023575996980071068, 0.03592788800597191, -0.0009616348543204367, -0.0012771451147273183, -0.01811162941157818, -0.0021162680350244045, -0.022448217496275902, 0.011438923887908459, 0.00888799037784338, 0.014016709290444851, -0.020541729405522346, 0.007632662076503038, -0.012700964696705341, -0.005920851603150368, 0.003371595870703459, 0.04903163015842438, 0.0006024902686476707, 0.01258013118058443, -0.0033346745185554028, -0.02443525940179825, -0.0007472389843314886, 0.012754668481647968, -0.011116700246930122, 0.000902057159692049, 0.01650051400065422, 0.0067062703892588615, 0.0006406703614629805, -0.032329726964235306, 0.005192492622882128, 0.011935684829950333, -0.034343622624874115, -0.0071493275463581085, 0.005628836806863546, -0.01564125157892704, -0.0357130728662014, 0.007437985856086016, 0.03144361451268196, 0.00684388680383563, -0.008934981189668179, 0.007787060923874378, 0.019857004284858704, -0.019615337252616882, 0.03359176963567734, -0.027657492086291313, 0.0037089234683662653, 0.02639545127749443, 0.010505818761885166, 0.004930686205625534, 0.0009675087640061975, -0.012257907539606094, -0.028597310185432434, -0.008183127269148827, -0.005189136136323214, 0.003420265158638358, -0.0008571640937589109, 0.12083370238542557, 0.033484362065792084, -0.0063102045096457005, 0.0037525577936321497, -0.012687538750469685, -0.01637968048453331, 0.02430099993944168, 0.0027036541141569614, -0.03329639881849289, -0.006921085994690657, 0.010774338617920876, 0.0012603626819327474, -0.009780816733837128, -0.004021076951175928, -0.010485679842531681, 0.005991337820887566, -0.01793709211051464, 0.0075252545066177845, -0.02056858129799366, 0.006011476740241051, 0.031013984233140945, -0.027657492086291313, 0.019776448607444763, 0.009035675786435604, -0.0329204723238945, 0.007632662076503038, 0.01517134252935648, 0.036357518285512924, -0.011714155785739422, -0.010982440784573555, 0.016406532377004623, 0.0011344942031428218, -0.027442676946520805, -0.0024351347237825394, -0.02878527343273163, 0.005883929785341024, -0.014594025909900665, -0.009102805517613888, 0.008572479709982872, 0.0097741037607193, 0.0030292337760329247, 0.006535089574754238, -0.029376015067100525, -0.013325272127985954, -0.014956527389585972, 0.010908598080277443, 0.0023210139479488134, -0.028436198830604553, -0.015265324153006077]"
"Introducción al Panel de Seguimiento:

Ubicación del panel en la esquina superior izquierda.
Uso principal del panel para trabajar en la plataforma.
Iconos y Funciones:

Agregar a la lista: Permite seleccionar y agregar unidades específicas a la lista de trabajo.
Organización por grupos: Opción para ver unidades divididas en grupos.
Orden alfabético: Icono para ordenar las unidades alfabéticamente de forma ascendente o descendente.
Visibilidad de unidades: Casilla de verificación para mostrar u ocultar unidades en el mapa sin afectar su posición en la lista.
Icono de unidad: Pequeño icono de vehículo que permite leer más información de la unidad.
Interacción con Unidades:

Hacer clic en el nombre de la unidad para enfocarse en su posición en el mapa.
Doble clic para mostrar un mini mapa con la posición de la unidad.
Agrupación de Iconos en la Parte Superior Derecha:

Centrarse en una unidad: Mantiene las unidades seleccionadas visibles dentro de los bordes del mapa.
Agregar todas las unidades disponibles: Opción para incluir todas las unidades.
Estado de movimiento: Iconos que representan diferentes estados de movimiento del vehículo.
Cantidad de satélites y precisión de datos: Icono que muestra la cantidad de satélites y la última posición detectada.
Eliminar Unidades de la Lista:

Eliminar de la lista: Icono de equis roja que elimina unidades de la lista de trabajo, permitiendo agregarlas de nuevo fácilmente.","[-0.008637646213173866, 0.013176645152270794, 0.005446798168122768, -0.020039338618516922, -0.028697310015559196, 0.0337105318903923, 0.0038412120193243027, -0.019497370347380638, 0.0014489227905869484, -0.011022314429283142, -0.01249240804463625, 0.002825018484145403, -0.028128240257501602, 0.027206892147660255, -0.015066765248775482, -0.001095795538276434, 0.012553378939628601, -0.015053215436637402, 0.005687297321856022, -0.004671103786677122, -0.023372454568743706, 0.004396731499582529, 0.0020290000829845667, -0.02959156036376953, -0.00035799655597656965, 0.006039578001946211, 0.015134511515498161, -0.025228701531887054, 0.007641776464879513, -0.0012998810270801187, 0.012939533218741417, 0.012024958617985249, -0.015242905355989933, 0.0028961519710719585, -0.00480659632012248, 0.012478858232498169, 0.025608081370592117, -0.019077342003583908, 0.00888830702751875, -0.002305065980181098, 0.004024127032607794, 0.04062064737081528, -4.697249460150488e-05, -0.010927469469606876, 0.002166186226531863, 0.005460347514599562, -0.01952446810901165, 0.012234971858561039, -0.03333115205168724, 0.021163927391171455, -0.031163273379206657, 0.029645757749676704, -0.030783893540501595, -0.014443499967455864, 0.00893572997301817, -0.011306848376989365, 0.0035973256453871727, 0.020947139710187912, 0.005765205714851618, -0.042219460010528564, -0.0009348982130177319, -0.01249240804463625, -0.03758561611175537, 0.008793462999165058, 0.002445639343932271, -0.0025404843036085367, -0.0013100430369377136, 0.0014294458087533712, 0.008149873465299606, -0.008224394172430038, 0.024253156036138535, 0.01286501158028841, 0.0059887683019042015, -0.016950109973549843, 0.0418400801718235, -0.010595512576401234, -0.005436636041849852, -0.023670537397265434, 0.020418718457221985, 0.013650868088006973, 0.002984222024679184, -0.0323014110326767, -0.018237289041280746, 0.02391442470252514, 0.022722091525793076, 0.0313800610601902, 0.038805048912763596, 0.0274236798286438, -0.014511246234178543, -0.01900959573686123, -0.030106430873274803, 0.01088004745543003, 0.02342665195465088, 0.014551893807947636, 0.004901440814137459, 0.016530083492398262, 0.005196136888116598, 0.020418718457221985, -0.006798335816711187, -0.009762234054505825, -0.007682424038648605, 0.01852182298898697, -0.05967089161276817, -0.004610131960362196, -0.033412449061870575, -0.005609388928860426, 0.012431436218321323, 0.006280077155679464, -0.0024642697535455227, -0.0013185113202780485, -0.03268078714609146, 0.022342711687088013, -0.01367796678096056, 0.00024028746702242643, 0.008651195093989372, -0.013373108580708504, 0.011848818510770798, -0.007214975077658892, -0.01395572628825903, -0.03655587509274483, 0.04051225632429123, 0.032762084156274796, 0.012892110273241997, -0.027992747724056244, 0.0016165947308763862, -0.0008857821812853217, 0.029835445806384087, -0.0047219134867191315, -0.00255064619705081, -0.009951923042535782, 0.0013811765238642693, 0.013928627595305443, 0.007607903331518173, 0.0176682211458683, -0.0033314216416329145, 0.006510414183139801, -0.013291813433170319, 0.022993076592683792, -0.04652811959385872, -0.026692019775509834, 0.01312244776636362, 0.023155666887760162, -0.0176682211458683, -0.04151489958167076, 0.035228047519922256, 0.01741078495979309, -0.012126578018069267, 0.013237616047263145, 0.016421690583229065, 0.008136323653161526, -0.0015522358007729053, -0.024063466116786003, 0.00985707901418209, -0.0005631406675092876, 0.002389748813584447, -0.005175813101232052, 0.005785529501736164, -0.007784043438732624, -0.01682816818356514, -0.007574030198156834, 0.010466794483363628, 0.009816430509090424, 0.0006901648594066501, 0.008190521039068699, 0.035200949758291245, 0.03189493343234062, -0.01020258478820324, -0.02754562348127365, -0.014646737836301327, 0.023968622088432312, 0.0008209997904486954, 0.032436903566122055, -0.0032958548981696367, 0.005653424188494682, 0.011056187562644482, 0.007729846518486738, 0.004989510867744684, -0.003892021719366312, -0.016218451783061028, -0.005890536122024059, -0.005524706095457077, -0.025689376518130302, -0.0003543975471984595, 0.03365633636713028, -0.02612295188009739, -0.04734107479453087, 0.025811320170760155, 0.003722656285390258, 0.028019847348332405, -0.003969930112361908, 0.011733649298548698, 0.01806114986538887, 0.02124522253870964, 0.011814945377409458, -0.6096078157424927, 0.013481502421200275, 0.0046372306533157825, -0.020865842700004578, 0.012817589566111565, 0.0207980964332819, 0.02310146950185299, 0.024049917235970497, -0.012268844991922379, -0.052814971655607224, -0.013115673325955868, -0.020676154643297195, 0.0013489971170201898, -0.003446590155363083, -0.05194782093167305, -0.0313800610601902, -0.005619551055133343, -0.01822374016046524, 0.02872440777719021, 0.0036786210257560015, -0.012953082099556923, 0.003079066751524806, 0.014619640074670315, 0.022993076592683792, 0.035715822130441666, 0.00379717699252069, 0.01845407672226429, 0.006283464375883341, -0.023142118006944656, 0.0008679987513460219, -0.0395096093416214, -0.010568413883447647, -0.00529436906799674, 0.013163095340132713, 0.048099834471940994, -0.015798425301909447, -0.02621779777109623, 0.028561817482113838, 0.010019669309258461, 0.019958043470978737, 0.0009035655530169606, -0.02303372323513031, 0.04148780182003975, -0.03021482564508915, 0.023860227316617966, -0.006950764916837215, 0.029157983139157295, -0.008922180160880089, 0.009884176775813103, -0.014538343995809555, 0.02810114249587059, -0.0021136829163879156, -0.024835772812366486, 0.03433379903435707, 0.005951507482677698, -0.01379313599318266, 0.017885008826851845, -0.027830157428979874, -0.006906729657202959, -0.00956576969474554, 0.0008434407645836473, 0.012329816818237305, -0.02254595048725605, -0.02303372323513031, -0.04839791730046272, 0.03379182890057564, -0.008603773079812527, -0.013528925366699696, 0.009985796175897121, -0.022329162806272507, 0.007052384316921234, -0.011306848376989365, -0.003919120412319899, -0.004820145200937986, 0.011787846684455872, 0.0071472288109362125, 0.03514675050973892, -0.014104768633842468, 0.01390152983367443, -0.0101687116548419, 0.021231673657894135, -0.018047599121928215, -0.011293299496173859, 0.006737363990396261, 0.0017249888041988015, -0.013095349073410034, -0.012851462699472904, 0.005467121955007315, -0.0004282832960598171, 0.017505628988146782, 0.024944167584180832, 0.0023965234868228436, -0.01088004745543003, -0.01094779372215271, -0.016489436849951744, 0.006422344129532576, -0.001597117749042809, 0.043682780116796494, 0.010642935521900654, -0.00731659447774291, -0.008434407413005829, -0.009951923042535782, -0.004620294086635113, -0.000916267978027463, 0.01594746671617031, 0.019497370347380638, -0.02134006656706333, 0.026326190680265427, 0.028507620096206665, -0.018088247627019882, -0.029293475672602654, -0.0018918139394372702, -0.026393936946988106, -0.009159292094409466, 0.005748269148170948, -0.030160628259181976, -0.0024608823005110025, -0.00019741679716389626, 0.013251165859401226, 0.0032839991617947817, -0.013251165859401226, -0.016950109973549843, 0.026299092918634415, -0.016706224530935287, 0.004176556132733822, 0.00190875050611794, 0.023643439635634422, -0.0031772989314049482, -0.009457375854253769, 0.002769127720966935, 0.0131901940330863, -0.00215263688005507, 0.02875150740146637, -0.003580389078706503, 0.04547128081321716, 0.01896894909441471, 0.020256128162145615, 0.008251492865383625, -0.004373020026832819, -0.025093208998441696, -0.01388798002153635, -0.011232327669858932, -0.010006120428442955, -0.004488188773393631, -0.012600801885128021, -0.03866955637931824, 0.008664744906127453, 0.008427632972598076, -0.02738303318619728, -0.010805525816977024, 0.0053621153347194195, -0.04804563894867897, -0.008170196786522865, 0.03761271387338638, 0.009030574932694435, 0.0011355964234098792, -0.03284338116645813, -0.014728033915162086, 0.00023478308867197484, -0.01952446810901165, 0.0010678501566872, -0.01044647116214037, -0.024510592222213745, -0.0002460035611875355, 0.0077501703053712845, 0.0011474520433694124, -0.018725061789155006, 0.026204247027635574, 0.012058831751346588, -0.031298764050006866, 0.018399879336357117, 0.013318912126123905, -0.026339739561080933, 0.009782557375729084, -0.004525449126958847, -0.00434592179954052, 0.0008993314113467932, -0.024348000064492226, -0.009606417268514633, 0.005948120262473822, -0.004139295779168606, 0.029293475672602654, -0.004772723186761141, -0.0032094784546643496, 0.017681770026683807, -0.01631329581141472, 0.01738368719816208, 0.03257239609956741, -0.01146943960338831, 0.026488782837986946, 0.004257851745933294, -0.016462337225675583, -0.004393343813717365, 0.00032327661756426096, 0.00480659632012248, 0.038290176540613174, -0.025228701531887054, 0.0021763481199741364, -0.005287594627588987, -0.007472410798072815, 0.029428968206048012, 0.021773643791675568, 0.011693001724779606, -0.014904174022376537, 0.021597502753138542, -0.02631264179944992, 0.017356587573885918, -0.03303306922316551, 0.01685526594519615, 0.022884681820869446, 0.03338535130023956, -0.03251819685101509, -0.007987282238900661, -0.007174327503889799, -0.00020524994761217386, 0.012892110273241997, 0.0065070269629359245, 0.01142201665788889, -0.006103936582803726, 0.004789659753441811, -0.008983151987195015, 0.016028761863708496, 0.017370136454701424, -0.035526130348443985, -0.013549248687922955, -0.008454731665551662, 0.013007279485464096, 0.03349374234676361, 0.007689198944717646, -0.02326405979692936, -0.0065984842367470264, -0.007668875157833099, 0.0043764072470366955, 0.009362530894577503, 0.004467864986509085, 0.010805525816977024, 0.016719773411750793, 0.0026607338804751635, 0.0227762870490551, -0.002862278837710619, 0.025486137717962265, 0.020188381895422935, 0.020838744938373566, -0.01414541620761156, 0.03268078714609146, 0.004694814793765545, 0.021136827766895294, 0.01037872489541769, -0.0101687116548419, 0.022559499368071556, -0.020676154643297195, -0.009775782935321331, -0.03135296329855919, 0.011604932136833668, -0.009382855147123337, -0.007851789705455303, 0.005890536122024059, -0.006689941510558128, 0.014904174022376537, 0.03723333775997162, 0.013942177407443523, 0.009972247295081615, 0.01265499833971262, 0.015866171568632126, -0.0007833159761503339, -0.018928300589323044, 0.005860050208866596, -0.02345374971628189, -0.0048878914676606655, -0.015879720449447632, 0.026326190680265427, 0.007309820037335157, 0.017031406983733177, -0.0029249440412968397, -0.007519833277910948, -0.017681770026683807, 0.012404337525367737, 0.01585262082517147, 0.008244718424975872, 0.025553883984684944, -0.008502153679728508, -0.0019053631694987416, 0.04062064737081528, 0.020039338618516922, -0.0013354478869587183, -0.00047761102905496955, -0.019930945709347725, 0.00932188332080841, -0.015473242849111557, 0.0061242603696882725, 0.015839071944355965, -0.013413756154477596, -0.009701262228190899, -0.00506741926074028, -0.01848117634654045, -0.003969930112361908, 0.007038834970444441, -0.0028030008543282747, -0.013535699807107449, 0.013589897193014622, -0.01536484807729721, -0.00859022419899702, 9.520200364931952e-06, -0.041271012276411057, 0.01258725207298994, 0.026813963428139687, -0.011550734750926495, -0.029428968206048012, -0.005250333808362484, -0.009138968773186207, -0.01657073199748993, -0.030783893540501595, -0.009376080706715584, -0.020513562485575676, 0.009037349373102188, 0.004769335500895977, 0.01789855770766735, -0.013766037300229073, 0.0406748466193676, 0.017519179731607437, -0.03609519824385643, -0.04167748987674713, -0.011171355843544006, 0.010812301188707352, 0.014999018982052803, 0.026990104466676712, 0.008766364306211472, 0.020445816218852997, -0.020229028537869453, -0.026136500760912895, -0.0297541506588459, -0.0274236798286438, 0.017925657331943512, -0.008095676079392433, -0.03479447215795517, 0.012810815125703812, 0.03736883029341698, -0.024930618703365326, 0.018399879336357117, 0.00585666298866272, -0.003939444199204445, -0.015391946770250797, 0.010785202495753765, -0.002796226181089878, -0.007093031890690327, -0.011272975243628025, 0.022857584059238434, 0.026028107851743698, 0.01283113844692707, 0.007797592785209417, 0.017424333840608597, 0.011259426362812519, 0.014592541381716728, -0.0022525626700371504, 0.008102450519800186, 0.013766037300229073, 0.007113355677574873, 0.02394152246415615, -0.011279749684035778, 0.02059485949575901, 0.02872440777719021, 0.01136782020330429, -4.816334694623947e-05, 0.02287113294005394, 0.02875150740146637, 0.013535699807107449, 0.0042409151792526245, -0.02052711322903633, 0.0009721586247906089, 0.015039666555821896, 0.016394590958952904, 0.013569572940468788, -0.010670033283531666, -0.018697964027523994, 0.015527439303696156, -0.005402762908488512, -0.0031231020111590624, -0.004301886539906263, 0.007411439437419176, 0.011936888098716736, 0.007655325811356306, 0.008034704253077507, -0.011462665162980556, -0.0004193916101939976, -0.03774820640683174, -0.010805525816977024, 0.00048819638323038816, -0.02570292539894581, -0.014402851462364197, -0.017763065174221992, -0.0036955575924366713, -0.00763500202447176, -0.024930618703365326, 0.0263803880661726, -0.004471252206712961, -0.012817589566111565, -0.012580477632582188, 0.005660198628902435, 0.03173234313726425, 0.0022068340331315994, 0.001768177025951445, -0.009741909801959991, -0.011571059003472328, 0.024713831022381783, 0.0028876836877316236, -0.014308007434010506, -0.013210518285632133, -0.02619069814682007, -0.00027521912124939263, -0.010060317814350128, 0.027884354814887047, -0.006808497477322817, 0.001085633528418839, 0.002276273909956217, -0.020676154643297195, -0.01575777679681778, 0.024808675050735474, -0.006357985083013773, -0.001719907857477665, 0.00890185683965683, -0.007458861451596022, -0.00836666114628315, 0.007763719651848078, -0.025364194065332413, 0.011455889791250229, -0.03755851835012436, -0.008034704253077507, -0.0011262813350185752, 0.005372277460992336, 0.000676192226819694, -0.012499182485044003, 0.016042310744524002, -0.03837147355079651, 0.013616994954645634, -0.007905987091362476, -0.0019595602061599493, -0.01926703192293644, -0.011347495950758457, -0.004535611253231764, 0.011963986791670322, 0.004373020026832819, -0.012004634365439415, 0.0073911151848733425, -0.024876421317458153, 0.011882691644132137, -0.03959090635180473, 0.028697310015559196, 0.020608408376574516, -0.00011845007247757167, 0.014497696422040462, -0.002897845581173897, -0.01787145994603634, -0.00685591995716095, -0.0006719580851495266, 0.008928955532610416, 0.030350318178534508, -0.017017856240272522, 0.0033144850749522448, -0.008244718424975872, 0.0011372901499271393, -0.024442845955491066, 0.025851966813206673, -0.0085428012534976, -0.018277937546372414, -0.032734986394643784, -0.009545446373522282, 0.001832535956054926, -0.0044068931601941586, -0.0025286285672336817, -0.02612295188009739, -0.006794948596507311, 0.02170589752495289, -0.027206892147660255, 0.037504322826862335, -0.013752487488090992, 0.015310651622712612, -0.01894184947013855, -0.019239934161305428, -0.02537774294614792, -0.014836427755653858, -0.02680041454732418, 0.008237943053245544, 0.02296597696840763, 0.039292823523283005, 0.02121812477707863, 0.01822374016046524, 0.0038412120193243027, -0.006957539357244968, -0.01615070551633835, 0.027965649962425232, 0.004196879919618368, -0.015622284263372421, -0.021434912458062172, 0.005433248821645975, 0.017004307359457016, 0.020486464723944664, 0.0020256126299500465, -0.024646084755659103, -0.002305065980181098, 0.004454315640032291, -0.014673836529254913, 0.009511573240160942, 0.010731005109846592, -0.03197622671723366, 0.0023694250266999006, -0.012465309351682663, -0.01959221437573433, 0.004796434193849564, -0.04406215623021126, 0.002467656973749399, 0.015933917835354805, 0.008915405720472336, 0.010324527509510517, 0.013928627595305443, 0.023738283663988113, -0.02419895865023136, 0.037666913121938705, 0.02040516957640648, 0.00710658123716712, 0.004579646047204733, -0.006435893476009369, -0.05254398658871651, 0.006720427423715591, 0.02293887920677662, 0.007418213877826929, 0.00101958098821342, 0.016394590958952904, 0.004190105479210615, 0.011577833443880081, 0.002874134574085474, 0.018264388665556908, 0.010907145217061043, 0.016042310744524002, -0.014971920289099216, -0.008305689319968224, -0.007675649598240852, 0.007452087011188269, 0.007235298864543438, 0.007424988318234682, -0.00735046761110425, 0.012194324284791946, -0.0029334123246371746, -0.008488604798913002, -0.028886999934911728, 0.005890536122024059, -0.007445312570780516, 0.03525514528155327, 0.016462337225675583, 0.0058803739957511425, 0.05582290515303612, 0.02608230523765087, -0.030512908473610878, 0.007811142131686211, 0.003153587691485882, 0.027857255190610886, 0.02991674281656742, 0.015093863941729069, 0.004156232345849276, -0.007208200637251139, 0.03040451556444168, 0.007303045131266117, 0.007357242051512003, -0.0357971154153347, 0.012729519978165627, 0.02245110645890236, 0.014362203888595104, -0.02598745934665203, -0.021556856110692024, -0.01566293276846409, 0.00864442065358162, 0.0038513741455972195, -0.002748803934082389, 0.015703579410910606, 0.012302718125283718, -0.01896894909441471, 0.03072969615459442, -0.005233397241681814, 0.022424006834626198, -0.007479185704141855, -0.011394918896257877, 0.007093031890690327, 0.0009933293331414461, -0.01287856139242649, 0.0012990342220291495, 0.015730679035186768, 0.00968093890696764, -0.01910444162786007, -0.007038834970444441, 0.02624489553272724, 0.010737779550254345, 0.004105422645807266, -0.00048015150241553783, 0.007662100251764059, 0.02570292539894581, -0.011062962003052235, -0.020784547552466393, 0.011869141831994057, -0.02280338667333126, 0.00987740233540535, -0.012966630980372429, -0.018765710294246674, -0.0183592326939106, 0.006991412490606308, -0.006486703176051378, -0.002984222024679184, 0.011408467777073383, -0.019795453175902367, -0.024117663502693176, 0.009159292094409466, -0.011659128591418266, -0.016557183116674423, -0.006114098709076643, -0.014931272715330124, 0.02270854078233242, -0.0010432922281324863, 0.013583121821284294, 0.0011753973085433245, 0.009030574932694435, 0.02488997019827366, -0.010500667616724968, 0.009457375854253769, 0.0005322314682416618, -0.013833783566951752, 0.01984965056180954, -0.005680522881448269, 0.010067092254757881, -0.026028107851743698, 0.017912106588482857, -0.022749189287424088, -0.011212003417313099, 0.028886999934911728, -0.0008273510029539466, -0.021353617310523987, -0.010778428055346012, -0.0022440943866968155, 0.02101488597691059, 0.005971831735223532, -0.012722744606435299, -0.015229355543851852, 0.0010847867233678699, 0.009531896561384201, -0.019632861018180847, -0.036528777331113815, 0.027274638414382935, -0.020784547552466393, -0.002713237190619111, 0.015148060396313667, -0.0227762870490551, 0.012079156003892422, -0.0019375425763428211, -0.01919928565621376, 0.01959221437573433, -0.03772110864520073, -0.01438930258154869, -0.0137118399143219, 0.010615836828947067, -0.017207546159625053, -0.005802466068416834, -0.03246400132775307, -0.04389956593513489, -0.023318257182836533, 0.010385499335825443, -0.019632861018180847, 0.0022711928468197584, 0.023955073207616806, 0.005663586314767599, -0.0011855593184009194, 0.014836427755653858, -0.00604973966255784, -0.02196333184838295, -0.010703906416893005, -0.015554537996649742, -0.0313800610601902, -0.011571059003472328, 0.0008442875696346164, 0.03235560655593872, 0.042083967477083206, -0.026339739561080933, -0.011991085484623909, -0.01213335245847702, -0.030946485698223114, 0.002052711322903633, -0.009247362613677979, 0.024117663502693176, 0.013142772018909454, 0.005389214027673006, -0.00812277477234602, 0.017952755093574524, 0.014782230369746685, 0.033575039356946945, -0.036853957921266556, -0.008630871772766113, -0.031434256583452225, -0.011530411429703236, 0.005795691162347794, -0.01037872489541769, -0.04758496209979057, -0.003837824799120426, -0.013027602806687355, -0.005460347514599562, 0.00557890348136425, 0.017912106588482857, -0.043059512972831726, -0.013440854847431183, 0.012336591258645058, 0.021651700139045715, -0.0015437675174325705, 0.0018376169027760625, 0.015906818211078644, -0.009741909801959991, -0.011001990176737309, 0.016137154772877693, 0.00710658123716712, 0.003328034421429038, 0.003031644504517317, -0.000869692419655621, -0.027857255190610886, 0.04739527404308319, 0.001984965056180954, -0.007431763224303722, -0.016055859625339508, -0.005379051901400089, 0.02575712278485298, 0.023629890754818916, -0.014484147541224957, 0.04476672038435936, 0.00014396077312994748, -0.0033026295714080334, -0.018088247627019882, 0.007187876850366592, -0.025743573904037476, -0.016489436849951744, 0.013996373862028122, -0.045335788279771805, -0.004203654360026121, -0.009172841906547546, 0.00506741926074028, -0.007093031890690327, -0.016679124906659126, 0.01494482159614563, 0.020391620695590973, -0.05544352903962135, 0.004085098393261433, 0.015771325677633286, -0.01322406716644764, 0.0025862129405140877, -0.014064120128750801, -0.008312464691698551, -0.018169542774558067, -0.02677331678569317, 0.008739265613257885, 0.002523547736927867, 0.016882363706827164, -0.005094517488032579, 0.005978606175631285, 0.0036142622120678425, 0.033927321434020996, 0.022762738168239594, 0.0014438418438658118, 0.025160955265164375, 0.19250772893428802, -0.02186848782002926, 0.013671192340552807, 0.026583626866340637, -0.004318823106586933, 0.02563517913222313, 0.025933261960744858, 0.016353944316506386, 0.010907145217061043, -0.020066438242793083, 4.9804075388237834e-05, -0.010954568162560463, -0.023182764649391174, 0.010487118735909462, 0.015256454236805439, -0.03690815344452858, -0.02549968659877777, -0.02686816081404686, -0.010825850069522858, 0.006601871456950903, 0.020676154643297195, -0.00984352920204401, -0.009416728280484676, -0.011726874858140945, 0.03465897962450981, -0.004494963213801384, -0.019551565870642662, 0.015500340610742569, 0.03238270431756973, 0.03956380859017372, -0.011564283631742, 0.012431436218321323, 0.0061174859292805195, 0.006808497477322817, 0.013115673325955868, 0.001673332299105823, -0.018264388665556908, 0.003665071912109852, 0.014064120128750801, 0.04251754283905029, 0.007933085784316063, -0.006364759989082813, -0.005389214027673006, -0.04520029574632645, 0.01650298573076725, -0.012783716432750225, 0.0015437675174325705, 0.0008917099330574274, 0.007052384316921234, -0.0025743574369698763, -0.004196879919618368, -0.01728884130716324, -0.009498023428022861, 0.029808348044753075, -0.0015293714823201299, 0.0009721586247906089, -0.0007092184969224036, -0.011008764617145061, 0.008759589865803719, 0.005497607868164778, -0.028670210391283035, 0.023562144488096237, 0.0027725151740014553, 0.0007494428427889943, -0.0019222997361794114, 0.013752487488090992, -0.009979021735489368, 0.015933917835354805, -0.0039733173325657845, -0.01244498509913683, 0.008061802946031094, -0.008536026813089848, -0.005250333808362484, -0.02436154894530773, -0.003854761365801096, -0.012715970166027546, 0.01195721235126257, 0.0086579704657197, 0.026502331718802452, -0.000632580544333905, 0.01239078864455223, 0.010873272083699703, -0.029456067830324173, -0.005860050208866596, 0.02377893216907978, -0.02575712278485298, 0.014443499967455864, -0.03953670710325241, -0.00041092332685366273, -0.002723399084061384, -0.019090892747044563, -0.006076838355511427, -0.016394590958952904, -0.0018765709828585386, 0.007574030198156834, 0.023792481049895287, 0.01887410320341587, 0.027071399614214897, -0.03119037114083767, 0.01012128870934248, -0.009626741521060467, 0.06985992938280106, 0.03197622671723366, 0.009802881628274918, -0.02264079451560974, 0.023670537397265434, 0.025648728013038635, 0.01926703192293644, -0.009538671001791954, -0.011042637750506401, 0.012302718125283718, -0.02657007798552513, -0.008481830358505249, -0.005456960294395685, 0.020947139710187912, -0.008752814494073391, 0.016367493197321892, 0.0091796163469553, -0.009755459614098072, 0.0051622637547552586, 0.0030672112479805946, -0.0100535424426198, -0.0010695438832044601, -0.005097905173897743, -0.011794621124863625, -0.011787846684455872, -0.03574291989207268, 0.01770886778831482, -0.00844795722514391, -0.02036452107131481, 0.00938962958753109, -0.038777951151132584, 0.004837081767618656, -0.011740424670279026, 0.0018884266028180718, -0.019239934161305428, -0.031298764050006866, -0.004332372453063726, -0.019090892747044563, 0.019768353551626205, -0.0022610309533774853, 0.01293275784701109, 0.02140781283378601, -0.006164908409118652, -0.0016140543157234788, -0.01965996064245701, -0.004064774606376886, 0.01041259802877903, -0.01575777679681778, -0.003072292311117053, -0.002210221253335476, 0.02693590708076954, 0.0061479718424379826, -0.01757337525486946, 0.04232785478234291, -0.0016360718291252851, -0.01601521298289299, -0.030350318178534508, 0.014308007434010506, -0.00028580447542481124, 0.00030718688503839076, -0.023995719850063324, 0.01643523946404457, -0.005385826341807842, -0.022112375125288963, 0.010080641135573387, -0.17158769071102142, 0.017979852855205536, 0.022884681820869446, -0.009247362613677979, -0.011205228976905346, 0.00585666298866272, 0.01880635693669319, 0.02007998712360859, -0.019673509523272514, -0.0028588916175067425, 0.029672855511307716, -0.0062326546758413315, -0.04278852790594101, -0.011049412190914154, -0.006808497477322817, -0.00458980817347765, -0.0017461595125496387, 0.01961931213736534, 0.05408860370516777, 0.017464982345700264, 0.003243351588025689, -0.01566293276846409, 0.007790818344801664, -0.01142201665788889, -0.010310978628695011, -0.007546931970864534, -0.0037904023192822933, 0.03549903258681297, 0.005656811408698559, -0.016719773411750793, 0.015405496582388878, -0.032247211784124374, 0.016841717064380646, -0.005921022035181522, -0.008271816186606884, 0.005379051901400089, -0.010290654376149178, -0.004877729807049036, -0.016137154772877693, 0.009159292094409466, -0.009653840214014053, -0.001446382375434041, 0.012356915511190891, 0.014009923674166203, 0.01421316247433424, 0.023006625473499298, 0.01773596741259098, -0.012106253765523434, 0.002569276373833418, -0.011564283631742, -0.00302486983127892, -0.039753496646881104, 0.006991412490606308, -0.006977863144129515, 0.012268844991922379, 0.029862545430660248, -0.0008480983087792993, -0.025879066437482834, 0.024415746331214905, -0.0013464565854519606, -0.045660968869924545, -0.006330886855721474, -0.01364409364759922, -0.009918049909174442, 0.029130885377526283, -0.03165104612708092, -0.0047286879271268845, 0.0402141697704792, 0.01343408040702343, -0.016381042078137398, 0.0037260435055941343, 0.014524795114994049, 0.0059176343493163586, -0.005365502554923296, 0.012438210658729076, 0.004135908093303442, -0.008569899946451187, 0.006645906716585159, 0.009491248987615108, 0.007716297172009945, -0.031949128955602646, 0.007695973385125399, -0.008725716732442379, -0.0052401721477508545, -0.018467625603079796, 0.007851789705455303, -0.01815599389374256, 0.013820233754813671, 0.00731659447774291, 0.002701381454244256, -0.0012363690184429288, -0.02793855220079422, -0.017790164798498154, -0.017505628988146782, 0.009796107187867165, 0.0297541506588459, -0.002030693693086505, -0.016977209597826004, 0.013779586181044579, -0.026841063052415848, 0.0039665428921580315, 0.0057516563683748245, -0.007933085784316063, -0.011327172629535198, 0.028507620096206665, -0.011442340910434723, 0.027152694761753082, 0.007167552597820759, 0.013129222206771374, -0.000973005429841578, -0.00380056444555521, 0.01982255093753338, 0.013745713047683239, 0.015324200503528118, 0.0025269349571317434, 0.0035160300321877003, 0.00017095341172534972, -0.019077342003583908, 0.008908631280064583, 0.0008519090479239821, 0.05500994995236397, -0.029781250283122063, -0.012871786952018738, 0.021380715072155, -0.008441181853413582, -0.025648728013038635, -0.06384406238794327, -0.02829083241522312, 0.00840053427964449, 0.010731005109846592, -0.020716801285743713, 0.005978606175631285, -0.0011372901499271393, -9.526815847493708e-05, 0.004549160599708557, 0.0009662308148108423, -0.038127586245536804, -0.03213881701231003, -0.029022492468357086, 0.002835180377587676, 0.02387377619743347, 0.021326517686247826, 0.0044068931601941586, -0.02407701499760151, 0.0062326546758413315, 0.009504797868430614, -0.01685526594519615, -0.0378836989402771, -0.007540157064795494, -0.0071404543705284595, -0.03793789818882942, -0.006950764916837215, -0.016706224530935287, 0.0037531419657170773, 0.020621957257390022, 0.003742980072274804, 0.016123605892062187, -0.010500667616724968, 0.03159685060381889, -0.013088574633002281, 0.011293299496173859, 0.0011550735216587782, -0.016868814826011658, -0.0091796163469553, 0.0026996878441423178, -0.00657816044986248, 0.018169542774558067, -0.014728033915162086, -0.0040038032457232475, -0.05314015597105026, -0.017681770026683807, -0.00529436906799674, 0.0019019758328795433, 0.010250006802380085, -0.0007625686703249812, -0.018237289041280746, 0.014917722903192043, -0.02810114249587059, -0.023670537397265434, -0.03636618331074715, -0.009741909801959991, 0.022586598992347717, -0.004688040353357792, -0.005697459448128939, -0.03295177221298218, -0.02735593356192112, 0.012885335832834244, -0.008698618039488792, -0.006493477616459131, 0.020215479657053947, 0.010263556614518166, 0.013217292726039886, -0.025201603770256042, 0.0257977694272995, 0.03148845583200455, 0.003702332265675068, -0.015419045463204384, 0.0012024958850815892, -0.015703579410910606, 0.028453422710299492, -0.014971920289099216, 0.0034635267220437527, -0.019253483042120934, -0.004047838039696217, 0.015297101810574532, -0.030296120792627335, -0.025133857503533363, -0.009450601413846016, 0.009572544135153294, -0.004234140273183584, 0.01734303869307041, 0.01680106855928898, 0.005202911794185638, -0.003036725567653775, 0.01764112152159214, -0.008292140439152718, 0.0378836989402771, 0.028995392844080925, 0.01799340359866619, 0.0007037141476757824, -0.022722091525793076, 0.013014053925871849, -0.0033229533582925797, 0.00838021095842123, -0.00559584004804492, 0.034875765442848206, -0.028643112629652023, -0.006378308869898319, -0.09609127789735794, 0.012837913818657398, -0.01764112152159214, 0.005443410947918892, -0.02423960715532303, -0.018169542774558067, -0.013135996647179127, 0.0036549100186675787, 0.023209864273667336, -0.0005987074691802263, -0.014497696422040462, 0.008922180160880089, 0.011814945377409458, -0.0096470657736063, -0.016028761863708496, 0.005494220647960901, 0.03530934453010559, 0.014294457621872425, 0.007513058837503195, 0.008061802946031094, -0.006059901788830757, -0.0023745058570057154, 0.02842632494866848, 0.0027708213310688734, 0.004847243893891573, 0.01919928565621376, -0.0027081561274826527, 0.0021238448098301888, 0.003665071912109852, -0.013820233754813671, 0.020540662109851837, -0.0008815480396151543, -0.028643112629652023, 0.048939887434244156, 0.0017647896893322468, -0.04053935408592224, 0.0007155697094276547, 0.012282393872737885, 0.011408467777073383, 0.006649293936789036, 0.0009941761381924152, -0.02530999667942524, -0.0005504382424987853, -0.03219301626086235, -0.04352018982172012, -0.016963660717010498, -0.005910859908908606, 0.00966738909482956, -0.0062326546758413315, -0.009125418961048126, 0.012092704884707928, 0.014429950155317783, -0.00583295151591301, -0.03736883029341698, 0.03853406384587288, -0.014646737836301327, 0.013996373862028122, 0.027315286919474602, -0.0085428012534976, -0.022559499368071556, 0.037423025816679, 0.037423025816679, 0.008183746598660946, -0.015568086877465248, -0.0005944733275100589, -0.01495837140828371, -0.03959090635180473, -0.008928955532610416, -0.005683910101652145, -0.03338535130023956, -0.03577001765370369, -0.00604973966255784, -0.008759589865803719, -0.005070806480944157, 0.006324111949652433, -0.013088574633002281, -0.0013820234453305602, -0.012986955232918262, -0.007133679464459419, 0.025418391451239586, 0.027044301852583885, 0.0227762870490551, -0.023345356807112694, 0.019063793122768402, 0.036989450454711914, 0.027410130947828293, -0.029049590229988098, -0.010480344295501709, -0.010541316121816635, 0.0007930544670671225, -0.0483437217772007, 0.007668875157833099, -0.0005216461140662432, 0.018819907680153847, -0.030431613326072693, -0.00017783389193937182, -0.003837824799120426, 0.00264718453399837, 0.021285871043801308, 0.036203593015670776, -0.022166570648550987, -0.0030587429646402597, 0.008502153679728508, 0.00226949923671782, 0.01388798002153635, 0.0033602137118577957, -0.015744227916002274, -0.0006651834701187909, 0.011672678403556347, 0.012851462699472904, -0.0197548046708107, -0.019551565870642662, 0.022722091525793076, 0.02176009491086006, -0.04530869051814079, -0.012682097032666206, -0.005321467760950327, -0.005456960294395685, -0.040268369019031525, 0.01140169333666563, 0.017681770026683807, 0.013637319207191467, 0.009870627894997597, 0.0012431435752660036, 0.02040516957640648, 0.00018312656902708113, 0.03777530789375305, -0.04379117488861084, 0.006557836662977934, 0.012397563084959984, 0.007059158757328987, -0.0025083047803491354, 0.001247377716936171, -0.02368408814072609, -0.03021482564508915, 0.008712166920304298, -0.001719060936011374, -0.019497370347380638, -0.00164454011246562, 0.12172645330429077, 0.022112375125288963, -0.015242905355989933, 0.004738850053399801, -0.020879393443465233, -0.002560808090493083, 0.03465897962450981, 0.012024958617985249, -0.005870212335139513, -0.01689591445028782, 0.021489109843969345, 0.006584934890270233, -0.007248848211020231, -0.015107412822544575, -0.023900875821709633, -0.0077366214245557785, -0.021367166191339493, 0.014023472554981709, -0.04460412636399269, -0.0015717128990218043, 0.027477877214550972, -0.0233589056879282, 0.013637319207191467, 0.008027929812669754, -0.03213881701231003, 0.006022641435265541, -0.012207873165607452, 0.03693525120615959, -0.017302390187978745, -0.034089911729097366, 0.030756795778870583, -0.002960511017590761, -0.039753496646881104, -0.0011203535832464695, -0.007668875157833099, 0.008732491172850132, 0.002239013323560357, -0.011814945377409458, 0.014741582795977592, 0.009762234054505825, -0.00042002671398222446, 0.01971415802836418, -0.022139472886919975, -0.0085428012534976, 0.006666230503469706, -0.0023016787599772215, 0.013440854847431183, -0.02793855220079422, -0.002003595232963562]"
